itemid,valueuom,ref_range_lower,ref_range_upper,range_source,n_obs
50801,mm Hg,184.0,632.0,computed,15316
50802,mEq/L,-13.0,12.0,computed,697453
50803,mEq/L,21.0,30.0,provided,32939
50804,mEq/L,21.0,30.0,provided,697428
50805,%,0.0,5.0,provided,6638
50806,mEq/L,96.0,108.0,provided,108056
50808,mmol/L,1.12,1.32,provided,370073
50809,mg/dL,70.0,105.0,provided,280058
50810,%,20.0,46.0,computed,144040
50811,g/dL,14.0,18.0,provided,144052
50813,mmol/L,0.5,2.0,provided,669697
50814,%,0.0,2.0,provided,5666
50815,L/min,1.0,91.0,computed,11140
50816,%,21.0,100.0,computed,83849
50817,%,43.0,99.0,computed,239342
50818,mm Hg,35.0,45.0,provided,697410
50819,,5.0,18.0,computed,69302
50820,units,7.35,7.45,provided,753699
50821,mm Hg,85.0,105.0,provided,698099
50822,mEq/L,3.5,5.3,provided,333049
50823,,40.0,100.0,computed,15335
50824,mEq/L,135.0,147.0,provided,158988
50825,,35.0,38.9,computed,115591
50826,,270.0,700.0,computed,58308
50830,mm Hg,,,insufficient_data,2
50831,units,6.9,7.66,computed,7167
50832,mm Hg,,,insufficient_data,2
50835,g/dL,0.3,3.0,computed,6151
50836,IU/L,3.0,42443.5,computed,4534
50837,mEq/L,8.0,37.0,computed,41
50838,mg/dL,0.1,29.944999999999983,computed,2903
50839,mEq/L,95.075,127.85,computed,44
50840,mg/dL,5.0,118.0,computed,61
50841,mg/dL,0.3,18.4,computed,2859
50842,mg/dL,48.05000000000001,329.0,computed,7003
50843,IU/L,28.0,1755.0249999999896,computed,4862
50844,U/L,4.0,140717.49999999974,computed,142
50845,,,,insufficient_data,5
50846,mOsm/kg,,,insufficient_data,7
50847,mEq/L,3.2350000000000003,8.384999999999991,computed,48
50848,mEq/L,124.5,150.0,computed,61
50849,g/dL,0.3,4.7,computed,10226
50850,mg/dL,11.0,1458.3749999999895,computed,548
50851,mg/dL,4.5,66.25,computed,31
50852,%,4.8,5.9,provided,295829
50853,ng/mL,30.0,60.0,provided,111349
50856,ug/mL,10.0,30.0,provided,4960
50857,,,,insufficient_data,3
50861,IU/L,0.0,40.0,provided,1812398
50862,g/dL,3.5,5.2,provided,1032267
50863,IU/L,39.0,117.0,provided,1602386
50864,ng/mL,0.0,8.7,provided,38545
50865,ug/mL,20.0,25.0,provided,552
50866,umol/L,10.0,60.0,provided,7719
50867,IU/L,0.0,100.0,provided,96253
50868,,,,insufficient_data,1
50868,mEq/L,8.0,20.0,provided,3925441
50869,units,0.0,19.0,provided,1653
50870,units,0.0,19.0,provided,119
50877,IU/mL,0.0,40.0,provided,649
50878,IU/L,0.0,40.0,provided,1793014
50879,,,,insufficient_data,1
50880,,,,insufficient_data,1
50881,mg/L,0.8,2.2,provided,10055
50882,,,,insufficient_data,1
50882,mEq/L,22.0,32.0,provided,3933273
50883,mg/dL,0.0,0.3,provided,94074
50884,mg/dL,0.1,5.6,computed,109884
50885,mg/dL,0.0,1.5,provided,1576045
50889,mg/L,0.0,5.0,provided,174213
50889,,1.075,274.0875,computed,56
50890,mg/dL,90.0,180.0,provided,15088
50891,mg/dL,10.0,40.0,provided,15590
50892,U/mL,0.0,35.0,provided,18816
50893,mg/dL,8.4,10.3,provided,2969097
50893,,,,insufficient_data,1
50894,pg/mL,60.0,185.0,provided,8268
50895,Ratio,0.8,1.3,provided,9358
50896,ug/dL,4.4,11.4,provided,9323
50898,U/mL,0.0,39.0,provided,10289
50899,ug/mL,4.0,12.0,provided,3180
50900,ng/mL,0.0,4.0,provided,49870
50902,mEq/L,96.0,108.0,provided,4054446
50902,,,,insufficient_data,1
50903,Ratio,1.9,6.8,computed,314534
50904,mg/dL,41.0,999.0,provided,315403
50905,mg/dL,0.0,129.0,provided,288510
50906,mg/dL,0.0,129.0,provided,49161
50907,mg/dL,0.0,199.0,provided,322725
50908,%,0.0,6.0,provided,28896
50909,ug/dL,2.0,20.0,provided,32858
50909,,,,insufficient_data,18
50910,IU/L,38.0,201.0,provided,334591
50911,ng/mL,0.0,10.0,provided,218081
50912,,,,insufficient_data,1
50912,mg/dL,0.5,1.2,provided,4317524
50914,ng/mL,100.0,400.0,provided,24048
50915,ng/mL,0.0,500.0,provided,15147
50915,ng/mL FEU,0.0,500.0,provided,4984
50916,ug/dL,60.9,337.0,provided,2357
50917,ng/mL,0.9,2.0,provided,12756
50919,,,,insufficient_data,1
50920,,,,insufficient_data,1
50921,pg/mL,0.0,500.0,provided,3616
50922,mg/dL,17.0,445.0,computed,19919
50924,ng/mL,13.0,150.0,provided,189548
50925,ng/mL,2.0,20.0,provided,48880
50926,mIU/mL,2.0,12.0,provided,10823
50927,IU/L,5.0,36.0,provided,20851
50929,ug/mL,5.0,10.0,provided,3163
50930,g/dL,2.0,4.0,provided,169517
50931,,,,insufficient_data,1
50931,mg/dL,70.0,100.0,provided,3621281
50934,U,0.0,40.0,provided,763
50934,,0.0,137.0,computed,2663031
50935,mg/dL,30.0,200.0,provided,48016
50940,,,,insufficient_data,3
50942,,,,insufficient_data,1
50945,umol/L,0.0,15.0,provided,2664
50946,mIU/mL,0.0,100000.0,provided,18158
50947,,0.0,7.0,computed,2662980
50947,U,0.0,10.0,provided,766
50949,mg/dL,70.0,400.0,provided,54483
50950,mg/dL,700.0,1600.0,provided,62086
50951,mg/dL,40.0,230.0,provided,47248
50952,ug/dL,30.0,160.0,provided,156146
50953,ug/dL,260.0,470.0,provided,138566
50954,IU/L,94.0,250.0,provided,648289
50956,IU/L,0.0,60.0,provided,293112
50957,mmol/L,0.5,1.5,provided,8018
50958,mIU/mL,2.0,100.0,provided,6377
50960,mg/dL,1.6,2.6,provided,2932697
50960,,,,insufficient_data,1
50961,umol/L,0.0,0.2,provided,7279
50962,ug/mL,0.0,30.0,provided,20
50963,pg/mL,0.0,353.0,provided,95126
50964,mOsm/kg,275.0,310.0,provided,52885
50965,pg/mL,15.0,65.0,provided,63540
50966,ug/mL,10.0,40.0,provided,3693
50967,ug/mL,10.0,20.0,provided,23582
50968,ug/mL,1.0,2.0,provided,729
50969,%,6.0,16.0,provided,729
50970,mg/dL,2.7,4.5,provided,2813952
50970,,,,insufficient_data,1
50971,mEq/L,3.3,5.1,provided,4147218
50971,,,,insufficient_data,1
50972,ug/mL,4.0,10.0,provided,20
50973,ng/mL,5.0,23.0,provided,12221
50974,ng/mL,0.0,4.0,provided,68933
50974,,,,insufficient_data,18
50976,g/dL,6.4,8.3,provided,217280
50978,ng/mL,5.0,15.0,provided,11980
50979,,,,insufficient_data,1
50980,IU/mL,0.0,14.0,provided,9375
50981,mg/dL,2.0,25.0,provided,1040
50982,nmol/L,14.0,48.0,provided,8785
50983,,,,insufficient_data,1
50983,mEq/L,133.0,145.0,provided,4110682
50986,ng/mL,5.0,20.0,provided,124026
50988,ng/dL,280.0,800.0,provided,19722
50989,pg/mL,7.2,23.0,provided,1990
50990,ug/mL,10.0,20.0,provided,79
50991,ng/mL,0.0,55.0,provided,2112
50992,IU/mL,0.0,35.0,provided,2430
50993,uIU/mL,0.27,4.2,provided,402992
50993,uU/ML,0.3,5.0,provided,93
50994,ug/dL,4.6,12.0,provided,25732
50995,ng/dL,0.93,1.7,provided,133826
50996,units,0.0,19.0,provided,18315
50997,ug/mL,6.0,10.0,provided,2038
50998,mg/dL,200.0,360.0,provided,138769
50999,,,,insufficient_data,3
51000,mg/dL,0.0,149.0,provided,330054
51001,ng/dL,80.0,200.0,provided,24250
51003,ng/mL,0.0,0.01,provided,191559
51005,Ratio,0.77,1.25,provided,9362
51006,,,,insufficient_data,1
51006,mg/dL,6.0,20.0,provided,4200699
51007,mg/dL,3.4,7.0,provided,192121
51008,ug/mL,50.0,100.0,provided,13472
51009,ug/mL,10.0,20.0,provided,118055
51010,pg/mL,240.0,900.0,provided,126701
51019,g/dL,,,insufficient_data,8
51020,IU/L,,,insufficient_data,6
51021,mg/dL,,,insufficient_data,3
51022,mg/dL,1.0,235.97499999999974,computed,168
51023,IU/L,99.0,8200.0,computed,41
51024,g/dL,1.55,6.375,computed,131
51025,g/dL,0.6,3.8,computed,760
51026,IU/L,3.0,102274.99999999993,computed,1439
51027,mEq/L,12.775,110.225,computed,192
51028,mg/dL,0.1,95.04000000000015,computed,429
51029,mg/dL,,,insufficient_data,11
51030,mEq/L,61.2,129.79999999999998,computed,32
51031,mg/dL,,,insufficient_data,19
51032,mg/dL,0.3,63.0,computed,497
51034,mg/dL,1.0,424.8499999999997,computed,910
51035,IU/L,50.5,6956.0,computed,821
51036,U/L,6.525,111520.00000000006,computed,62
51037,mg/dL,,,insufficient_data,9
51038,,,,insufficient_data,7
51039,mOsm/kg,,,insufficient_data,10
51040,mg/dL,,,insufficient_data,11
51041,mEq/L,3.1,49.125,computed,36
51042,mEq/L,25.825000000000003,149.95,computed,42
51043,g/dL,0.3,6.7,computed,901
51044,mg/dL,5.0,1485.9500000000005,computed,155
51045,mg/dL,3.4000000000000004,85.0,computed,57
51046,g/dL,0.5,3.2,computed,5800
51047,IU/L,6.0,878.9499999999953,computed,2658
51048,mEq/L,,,insufficient_data,3
51049,mg/dL,0.2,16.119999999999994,computed,207
51050,mEq/L,,,insufficient_data,2
51051,mg/dL,9.0,125.17500000000018,computed,6354
51052,mg/dL,0.3,5.6,computed,1833
51053,mg/dL,7.0,247.0,computed,9014
51054,IU/L,51.0,4009.050000000014,computed,9802
51055,U/L,,,insufficient_data,19
51056,,,,insufficient_data,7
51057,mEq/L,,,insufficient_data,5
51058,mEq/L,,,insufficient_data,7
51059,g/dL,0.7,5.4,computed,9779
51060,mg/dL,9.0,659.75,computed,2151
51061,mEq/L,3.45,54.12499999999998,computed,30
51062,mEq/L,15.1,131.89999999999998,computed,85
51063,mOsm/kg,129.90000000000003,507.29999999999995,computed,228
51064,mEq/L,4.8275,80.9725,computed,212
51065,mEq/L,14.55,142.34999999999997,computed,223
51066,mg/24hr,13.0,507.0,computed,2537
51067,mg/24hr,281.675,2324.324999999999,computed,10828
51068,mg/24hr,64.0,5392.199999999997,computed,5100
51069,mg/dL,0.3,245.0,computed,61686
51070,mg/g,0.0,30.0,provided,61962
51070,,,,insufficient_data,7
51072,U/L,21.975,101772.4999999999,computed,120
51073,Ratio,0.29250000000000004,3848.8900000000017,computed,118
51075,,,,insufficient_data,1
51076,mEq/L,2.0,42.0,computed,942
51077,mg/dL,0.4,31.2,computed,5709
51078,mEq/L,11.0,176.0,computed,39327
51080,mL/min,85.0,125.0,provided,713
51081,mg/dL,0.5,4.4,computed,714
51082,mg/dL,17.0,285.0,computed,237632
51083,,,,insufficient_data,10
51084,mg/dL,1.0,4742.499999999994,computed,179
51085,+/-,,,insufficient_data,7
51087,,,,insufficient_data,13300
51088,mg/dL,0.7,32.63000000000002,computed,2155
51093,mOsm/kg,128.0,818.0,computed,66378
51094,,1.0,8.0,computed,13147
51095,mg/dL,5.9,141.43999999999997,computed,3747
51097,mEq/L,7.0,85.0,computed,46855
51099,mg/mg,0.0,0.2,provided,64552
51099,Ratio,0.0,0.2,provided,32757
51100,mEq/L,12.0,168.0,computed,71570
51101,hrs,,,insufficient_data,715
51102,mg/dL,5.0,532.0,computed,105886
51104,mg/dL,101.0,1200.0,computed,44680
51105,mg/dL,4.2,92.875,computed,2546
51106,mg/dL,19.0,177.17499999999995,computed,714
51108,mL,375.0,4200.0,computed,13288
51109,mL,450.0,4008.7499999999977,computed,714
51110,%,0.0,8.0,computed,561
51111,%,0.0,10.0,computed,326
51112,%,0.0,4.0,computed,655
51113,%,,,insufficient_data,6
51114,%,1.0,13.049999999999727,computed,2239
51115,%,2.0,39.474999999999966,computed,328
51116,%,0.0,76.0,computed,15467
51117,%,2.0,85.0,computed,13234
51118,%,1.0,24.0,computed,10759
51119,%,0.0,7.0,computed,41
51120,%,0.0,63.0,computed,15467
51121,%,0.0,3.4499999999999957,computed,32
51122,%,0.0,6.0,computed,211
51123,%,0.0,33.0,computed,4518
51124,%,1.0,8.174999999999955,computed,1194
51125,%,0.0,92.0,computed,15467
51126,%,0.0,2.1999999999999993,computed,33
51127,#/uL,6.0,116000.0,computed,15233
51129,%,,,insufficient_data,3
51130,#/uL,578.0,1850.0,provided,29545
51130,,,,insufficient_data,1
51131,#/uL,350.0,1100.0,provided,29546
51131,,,,insufficient_data,1
51132,,,,insufficient_data,1
51132,#/uL,193.0,685.0,provided,29544
51133,K/uL,1.2,3.7,provided,841378
51134,,,,insufficient_data,2
51137,,,,insufficient_data,8
51138,GPL,0.0,15.0,provided,2614
51139,MPL,0.0,12.5,provided,2609
51140,%,80.0,130.0,provided,2701
51143,%,0.0,6.0,computed,215724
51144,%,0.0,5.0,provided,249637
51145,,,,insufficient_data,4
51146,%,0.0,1.0,provided,1604738
51148,%,1.0,88.0,computed,31789
51149,min,2.0,8.0,provided,63
51150,,,,insufficient_data,12
51162,#/uL,12.8845,511.20874999999995,computed,1300
51163,%,1.63375,40.87724999999999,computed,1300
51164,,,,insufficient_data,19
51165,%,0.11,28.662000000000003,computed,1513
51166,#/uL,1.0400000000000003,651.4200000000006,computed,1513
51168,,,,insufficient_data,12
51169,%,0.03800000000000004,27.216000000000008,computed,1513
51170,#/uL,0.5697499999999999,608.4129999999994,computed,1512
51174,%,8.654250000000001,93.32575,computed,1500
51175,#/uL,18.0,2238.8772499999986,computed,1500
51176,%,42.0,92.0,computed,29545
51178,%,,,insufficient_data,10
51180,%,4.0,59.0,computed,29533
51181,Ratio,0.84,3.0,provided,29545
51181,,,,insufficient_data,1
51185,%,0.5725,92.54125,computed,230
51186,#/uL,2.0,2520.8510000000015,computed,230
51188,,5.7525,60.60249999999998,computed,30
51194,%,12.0,75.0,computed,29543
51196,ng/mL,0.0,500.0,provided,3164
51196,ng/mL FEU,0.0,500.0,provided,15988
51197,,,,insufficient_data,2
51199,#/uL,0.0,440.0,provided,530
51200,%,1.0,7.0,provided,1604746
51202,%,85.0,145.0,provided,292
51203,%,70.0,165.0,provided,368
51204,%,50.0,140.0,provided,373
51205,%,65.0,180.0,provided,629
51206,%,50.0,200.0,provided,2984
51207,,0.0,0.03,provided,5
51207,BU,0.0,0.03,provided,51
51208,%,80.0,160.0,provided,288
51209,%,65.0,155.0,provided,342
51210,%,50.0,180.0,provided,80
51212,%,0.0,1.8899999999999977,computed,485
51213,ug/mL,0.0,10.0,provided,0
51214,mg/dL,180.0,400.0,provided,152246
51218,#/uL,2200.0,8250.0,provided,98645
51219,,,,insufficient_data,4
51221,,,,insufficient_data,1
51221,%,36.0,48.0,provided,4320693
51222,,,,insufficient_data,1
51222,g/dL,12.0,16.0,provided,4172453
51223,%,2.2,3.3,provided,4079
51224,%,,,insufficient_data,6325
51225,%,0.0,2.0,provided,3636
51226,%,96.8,97.8,provided,6324
51227,%,0.0,41.0,computed,6325
51228,U/mL,0.3,0.7,provided,1089
51228,IU/mL,0.3,0.7,provided,15579
51229,IU/mL,0.6,1.0,provided,1664
51229,U/mL,0.11225000000000002,1.72,computed,1650
51231,,,,insufficient_data,2
51232,%,0.0,10.0,computed,623
51233,,0.0,4.0,computed,34
51237,,0.9,1.1,provided,1767351
51240,,,,insufficient_data,5
51241,Score,30.0,130.0,provided,51
51242,%,,,insufficient_data,2
51244,%,19.0,53.0,provided,1604753
51245,%,18.0,42.0,provided,29549
51246,,0.0,13.199999999999992,computed,33
51248,pg,26.0,32.0,provided,4142292
51248,,,,insufficient_data,1
51249,,,,insufficient_data,1
51249,%,31.0,35.0,provided,1898397
51249,g/dL,32.0,37.0,provided,2244316
51250,,,,insufficient_data,1
51250,fL,82.0,98.0,provided,4142505
51251,%,0.0,7.0,computed,227780
51252,,0.0,6.5,computed,31
51253,#/uL,80.0,1210.0,provided,36
51254,%,5.0,13.0,provided,1604753
51255,%,0.0,7.0,computed,224979
51256,%,34.0,71.0,provided,1604746
51257,%,0.1,24.0,computed,101033
51259,%,0.0,69.0,computed,12796
51260,,,,insufficient_data,6
51263,%,0.0,17.0,computed,2808
51264,,,,insufficient_data,2
51265,,,,insufficient_data,1
51265,K/uL,150.0,400.0,provided,4197869
51266,,,,insufficient_data,11
51267,,,,insufficient_data,9
51268,,,,insufficient_data,6
51269,%,1.0,8.0,computed,12393
51270,%,70.0,140.0,provided,135
51271,%,70.0,170.0,provided,1958
51272,%,70.0,140.0,provided,176
51273,%,50.0,150.0,provided,1759
51274,,,,insufficient_data,1
51274,sec,9.4,12.5,provided,1767025
51275,sec,25.0,36.5,provided,1618856
51275,,,,insufficient_data,1
51276,U/g/Hb,6.0,12.4,provided,2663
51277,,,,insufficient_data,1
51277,%,10.5,15.5,provided,4138606
51279,,,,insufficient_data,1
51279,m/uL,4.2,5.4,provided,4142549
51280,sec,15.0,25.0,provided,1
51281,sec,,,insufficient_data,2
51282,m/uL,0.02,0.1,provided,38548
51282,/mm3,55.2,198.4,provided,0
51283,%,0.4,2.0,provided,63778
51284,%,0.5,1.5,provided,3537
51287,,,,insufficient_data,3
51288,mm/hr,0.0,20.0,provided,63751
51289, ,1.4,1.8,provided,1650
51291,,,,insufficient_data,4
51292,,,,insufficient_data,7
51294,,,,insufficient_data,5
51296,,,,insufficient_data,10
51297,sec,10.3,16.3,provided,2466
51298,%,50.0,200.0,provided,1259
51299,%,50.0,180.0,provided,1334
51300,K/uL,4.0,11.0,provided,29548
51300,,,,insufficient_data,1
51301,,,,insufficient_data,1
51301,K/uL,4.0,10.0,provided,4145899
51302,%,0.0,9.0,computed,144
51323,,,,insufficient_data,1
51365,%,0.0,5.0,computed,165
51366,%,0.0,11.699999999999989,computed,253
51367,%,1.0,3.0,computed,243
51368,%,1.0,10.0,computed,1252
51369,%,2.0,42.0,computed,829
51375,%,0.0,75.0,provided,7415
51376,%,0.0,70.0,provided,3736
51377,%,0.0,38.49999999999994,computed,333
51378,%,0.0,12.0,computed,24
51379,%,0.0,70.0,provided,7415
51380,%,0.0,11.399999999999977,computed,87
51381,%,0.0,40.0,computed,1017
51382,%,0.0,25.0,provided,7415
51383,#/uL,14.350000000000023,625596.6999999997,computed,6575
51385,%,0.0,7.625,computed,176
51386,%,0.0,7.574999999999989,computed,218
51387,%,0.0,4.0,computed,311
51392,,,,insufficient_data,1
51398,,5.9750000000000005,31.099999999999998,computed,331
51404,,51.875,93.55,computed,351
51406,#/uL,24.060000000000002,8765.199999999995,computed,885
51408,,,,insufficient_data,4
51409,,0.3,7.094999999999997,computed,48
51418,,,,insufficient_data,4
51419,%,1.0,35.0,computed,1980
51422,%,2.0,42.0,computed,492
51424,,,,insufficient_data,1
51427,%,0.0,74.0,computed,6125
51428,%,1.0,90.0,computed,4380
51429,%,0.0,48.0,computed,1340
51430,%,0.0,8.199999999999989,computed,35
51431,%,0.0,60.0,computed,6125
51432,%,0.0,8.45,computed,23
51433,%,0.0,16.325000000000003,computed,108
51434,%,0.0,75.625,computed,2216
51435,%,0.0,21.074999999999974,computed,120
51436,%,0.0,98.0,computed,6125
51437,%,,,insufficient_data,18
51438,#/uL,0.0,628238.3999999998,computed,2207
51440,%,0.0,8.899999999999977,computed,485
51441,%,0.0,7.375,computed,226
51442,%,0.0,5.0,computed,777
51443,%,,,insufficient_data,15
51444,%,1.0,43.0,computed,3009
51445,%,1.5,31.0,computed,1047
51446,%,0.0,93.0,computed,10031
51447,%,1.0,72.0,computed,7430
51448,%,1.0,29.0,computed,5578
51449,%,0.0,5.924999999999997,computed,44
51450,%,0.0,34.0,computed,10031
51451,%,0.0,3.1999999999999957,computed,25
51452,%,0.0,15.875000000000028,computed,170
51453,%,0.0,66.0,computed,4448
51454,%,1.0,13.0,computed,874
51455,%,0.0,96.0,computed,10031
51456,%,0.0,4.074999999999996,computed,40
51457,#/uL,53.0,254527.00000000064,computed,9372
51459,%,,,insufficient_data,1
51462,,,,insufficient_data,1
51463,/hpf,,,insufficient_data,19
51463,,,,insufficient_data,1609
51466,,,,insufficient_data,1
51467,#/lpf,1.0,34.099999999999795,computed,112
51469,,,,insufficient_data,1
51471,#/lpf,1.0,35.14999999999998,computed,995
51475,#/lpf,,,insufficient_data,17
51476,#/hpf,0.0,20.0,provided,432383
51478,mg/dL,70.0,1000.0,computed,63908
51479,#/lpf,1.0,41.0,computed,14893
51480,%,,,insufficient_data,11
51482,#/lpf,1.0,63.0,computed,122627
51483,,,,insufficient_data,1
51484,mg/dL,10.0,150.0,computed,83820
51486,,,,insufficient_data,1
51488,#/hpf,0.0,3.924999999999997,computed,44
51489,#/hpf,0.0,10.25,computed,151
51491,units,5.0,8.0,provided,842937
51492,mg/dL,10.0,300.0,computed,281280
51493,#/hpf,0.0,2.0,provided,455517
51494,#/lpf,0.0,29.97500000000001,computed,68
51496,%,,,insufficient_data,3
51497,#/hpf,1.0,11.274999999999977,computed,1030
51498, ,1.001,1.035,provided,827529
51501,#/hpf,1.0,6.0,computed,16074
51507,#/lpf,0.0,10.0,computed,390
51508,,,,insufficient_data,1
51510,/hpf,,,insufficient_data,1
51510,,,,insufficient_data,9
51512,,,,insufficient_data,3
51513,,,,insufficient_data,18
51514,mg/dL,0.2,1.0,provided,112206
51515,#/lpf,1.0,12.375,computed,196
51516,#/hpf,0.0,5.0,provided,443319
51517,#/lpf,1.0,25.82499999999999,computed,448
51519,,,,insufficient_data,2
51519,/hpf,,,insufficient_data,1
51564,,0.07,0.29,computed,42510
51567,mmol/L,0.0,0.4,provided,1992
51579,U/mL,0.0,35.0,provided,5918
51587,,0.39,7.161499999999997,computed,2918
51598,log10 IU/mL,1.8,4.829999999999996,computed,709
51613,mg/dL,91.0,123.0,provided,264473
51613,,,,insufficient_data,1
51615,,0.4,7.06,computed,2488
51616,,0.39,7.79,computed,2319
51617,,0.01,1.4979999999999927,computed,2583
51618,,,,insufficient_data,44
51621,mg/dL,10.0,161.64999999999998,computed,30
51624,mmol/L,1.12,1.32,provided,1231
51625,mg/L,3.3,19.4,provided,22289
51626,,0.26,1.65,provided,22033
51627,mg/L,5.7,26.3,provided,22234
51638,%,34.0,45.0,provided,1288
51639,%,34.0,45.0,provided,17
51640,g/dL,11.2,15.7,provided,17
51645,g/dL,11.2,15.7,provided,1288
51648,log10 IU/mL,1.1,7.1,computed,1244
51651,log10 IU/mL,1.7,7.3,computed,1352
51652,mg/L,0.4,212.09999999999985,computed,358
51654,log10 copies/mL,1.3,5.660000000000002,computed,697
51654,log10 cop/mL,1.4,6.1,computed,636
51657,,0.193,0.57,computed,41541
51658,,4.339,834.81,computed,13557
51659,,0.006,2.1,computed,29608
51660,,0.008,58.8,computed,6128
51661,,0.098,0.825249999999999,computed,1452
51662,,0.205,0.5739499999999997,computed,3563
51663,,0.027,56.98974999999999,computed,40482
51664,,2.985,39570.00000000043,computed,235
51665,,,,insufficient_data,11
51667,,1.92175,67.14749999999988,computed,1070
51675,,0.9,1.1,provided,73
51677,mEq/L,3.3,5.1,provided,538
51678,U,0.0,60.0,provided,757
51678,,3.0,56.0,computed,2663005
51689,,0.05,3.6982499999999985,computed,3808
51691,fL,82.0,98.0,provided,17
51694,,0.49425,7.671500000000001,computed,1818
51706,,,,insufficient_data,6
51713,log10 IU/mL,3.9,7.4799999999999995,computed,49
51726,,0.73675,7.78,computed,1828
51732,,0.3,31.894999999999964,computed,2188
51733,,0.0,416.0,computed,6818
51734,,0.0,20.0,computed,12678
51735,,-42.0,28.549999999999272,computed,12779
51736,,-89.0,-63.0,computed,12776
51737,,-79.0,-32.0,computed,41241
51739,mEq/L,22.0,32.0,provided,1231
51742,,0.36,3.7695000000000003,computed,2083
51744,,0.36,1.49,computed,496
51745,,,,insufficient_data,1
51749,,0.0,1.4447500000000035,computed,14662
51752,,,,insufficient_data,3
51754,,0.63,7.09,computed,4659
51755,K/uL,4.0,10.0,provided,543
51756,K/uL,4.0,10.0,provided,17
51762,,0.33775,0.521,computed,871
51763,,3.5,1000.0,computed,757
51764,,0.005,2.06,computed,571
51765,,6.0,60.0,computed,241
51767,,0.212425,0.353875,computed,98
51768,,0.029,54.945,computed,896
51769,,0.78,5.92,computed,4452
51772,,32.0,29139.174999999686,computed,310
51776,mg/dL,7.59,228.32499999999857,computed,34
51783,mg/dL,,,insufficient_data,3
51784,mEq/L,,,insufficient_data,1
51790,mg/dL,38.0,134.0,computed,15131
51791,log10 copies/mL,,,insufficient_data,4
51795,IU/L,8.0,130.30000000000018,computed,2595
51802,mg/dL,15.0,45.0,provided,15486
51826,mg/dL,,,insufficient_data,1
51894,,,,insufficient_data,1
51897,mg/g,16.925,121.37499999999997,computed,38
51903,,3.0,18.0,computed,18264
51904,,1.0,1192.0,computed,6559
51921,pg/mL,49.0,34248.0,computed,2971
51922,mg/dL,,,insufficient_data,2
51981,mg/dL,100.0,500.0,computed,129
51984,mg/dL,15.0,80.0,computed,160
51992,mg/dL,30.0,100.0,computed,376
51994,,1.001,1.035,provided,1403
52002,mg/dL,0.2,1.0,provided,1705
52004,,-414.0,95.0,computed,44352
52005,,-826.0,107.0,computed,43437
52006,,0.0,2168.0,computed,44463
52007,,-600.0,610.0,computed,44686
52008,,-349.0,362.0,computed,44302
52009,,-84.0,230.0,computed,43164
52010,,-575.0,362.0,computed,44083
52012,,-302.0,361.0,computed,4520
52018,,4.0,1049.75,computed,13446
52019,,1.0,1201.0,computed,2155
52020,,-67.0,54.0,computed,14540
52024,mg/dL,0.5,1.2,provided,15108
52032,mm Hg,22.0,30.0,provided,1
52055,%,,,insufficient_data,1
52065,#/uL,11.0,10130.199999999917,computed,15473
52069,K/uL,0.01,0.08,provided,841379
52073,K/uL,0.04,0.54,provided,841445
52074,K/uL,0.2,0.8,provided,841410
52075,K/uL,1.6,6.1,provided,881880
52087,,,,insufficient_data,4
52092,%,,,insufficient_data,9
52093,#/uL,,,insufficient_data,9
52107,,0.0,1.2,provided,526
52108,,0.0,1.2,provided,527
52109,,0.0,1.2,provided,1417
52111,,,,insufficient_data,4
52113,BU,0.0,0.03,provided,0
52129,%,0.23000000000000004,83.64000000000007,computed,47
52132,U/mL,0.0,0.9,provided,294
52135,%,0.0,0.6,provided,676768
52171,,1.0,4.0,computed,33
52172,,,,insufficient_data,2
52172,fL,35.1,46.3,provided,2240715
52177,,0.0,1.16,provided,110
52178,,0.0,1.16,provided,110
52179,,0.0,1.16,provided,1183
52195,,,,insufficient_data,1
52220,%,4.0,13.0,computed,4997
52221,%,0.0,12.0,computed,992
52223,%,0.0,21.0,computed,657
52225,%,0.0,5.0,computed,453
52227,%,0.0,97.65,computed,135
52256,%,1.0,20.0,computed,1865
52257,%,2.0,34.2,computed,113
52262,,,,insufficient_data,1
52263,%,0.0,24.399999999999864,computed,189
52264,%,0.0,100.0,computed,21118
52266,%,1.0,65.27499999999964,computed,4550
52268,%,0.0,22.0,computed,81
52270,%,0.0,10.375,computed,186
52272,%,0.0,61.0,computed,21119
52274,%,0.0,11.874999999999957,computed,90
52276,%,0.0,20.94999999999999,computed,242
52278,%,0.0,86.0,computed,2551
52279,%,0.40000000000000036,14.0,computed,337
52281,%,0.0,90.0,computed,21121
52283,%,0.0,70.125,computed,66
52285,#/uL,0.0,35668.75,computed,21011
52286,#/uL,0.0,5.0,provided,21121
52288,%,,,insufficient_data,4
52294,%,,,insufficient_data,2
52301,%,1.0,39.0,computed,373
52305,%,,,insufficient_data,13
52307,%,0.0,3.9499999999999957,computed,43
52311,%,,,insufficient_data,11
52312,#/uL,0.0,150.0,provided,7406
52339,%,,,insufficient_data,9
52355,%,,,insufficient_data,2
52358,%,1.0,80.27499999999998,computed,630
52369,#/uL,0.0,28606.25,computed,2591
52371,%,,,insufficient_data,1
52391,#/uL,22.0,22415.199999999884,computed,10033
52410,#/lpf,,,insufficient_data,0
52500,mEq/L,8.0,16.0,provided,1230
52535,mEq/L,96.0,108.0,provided,1235
52546,mg/dL,0.4,1.1,provided,1269
52551,ng/mL DDU,0.0,399.0,provided,129
52569,mg/dL,70.0,100.0,provided,1305
52610,mEq/L,3.3,5.1,provided,1307
52623,mEq/L,133.0,145.0,provided,1308
52642,ng/mL,0.0,0.08,provided,668
52647,mg/dL,6.0,20.0,provided,1228
52730,units,5.0,8.0,provided,1713
52769,#/uL,330.0,3870.0,computed,29546
53084,IU/L,10.0,47.0,provided,65
53085,mg/dL,3.3,5.5,provided,69
53086,IU/L,42.0,141.0,provided,69
53087,IU/L,14.0,97.0,provided,69
53088,IU/L,11.0,38.0,provided,69
53089,mg/dL,0.2,1.6,provided,69
53093,IU/L,5.0,65.0,provided,69
53094,,-1.0,35.47,computed,1842
53096,mg/dL,6.4,8.1,provided,68
53097,,0.0,27.397499999999948,computed,2628
53098,,0.0,127.75,computed,2651
53099,,-1.0,34.668,computed,3705
53100,,0.003,0.492,computed,3705
53105,,0.0,18.4,computed,8167
53106,,0.0,121.09999999999673,computed,8167
53107,,-1.0,24.81200000000001,computed,3635
53108,,0.003,0.4061500000000001,computed,3635
53109,,,,insufficient_data,3634
53110,,0.003,0.04,computed,3634
53111,,0.0,24.1,computed,8167
53112,,-4.0,119.0,computed,8167
53114,,,,insufficient_data,3633
53115,,0.019,0.085,computed,3633
53154,mmol/L,0.5,2.0,provided,101
53157,K/uL,1.2,3.7,provided,17
53158,K/uL,0.3,1.1,provided,16
53159,K/uL,1.6,6.1,provided,16
53161,mL/min/1.73m2,11.0,128.0,computed,81805
53161,,,,insufficient_data,1
53163,,-1.0,29.995,computed,251
53164,%,34.0,71.0,provided,16
53165,%,10.5,15.5,provided,17
53166,fL,35.1,46.3,provided,17
53169,,27.4,33.1,computed,4937
53170,,97.0,423.0,computed,3388
53171,,23.81,26.28,computed,2237
53172,,0.303,0.396,computed,2237
53173,,26.21,29.0,computed,11451
53174,,0.158,0.22,computed,11462
53175,,0.0,18.925000000000047,computed,1408
53176,,-1.0,160.6500000000001,computed,1408
53180,mL/min/1.73m2,6.0,122.0,computed,2125
53185,g/dL,32.0,37.0,provided,17
53186,pg,26.0,32.0,provided,17
53187,,4.9,1907.9999999999989,computed,39
53188,%,19.0,53.0,provided,17
53189,K/uL,150.0,400.0,provided,17
53190,%,4.7,13.3,provided,16
